-- phpMyAdmin SQL Dump
-- version 5.2.0
-- https://www.phpmyadmin.net/
--
-- Host: 127.0.0.1
-- Generation Time: Oct 09, 2023 at 12:24 PM
-- Server version: 10.4.14-MariaDB
-- PHP Version: 8.1.6

SET SQL_MODE = "NO_AUTO_VALUE_ON_ZERO";
START TRANSACTION;
SET time_zone = "+00:00";


/*!40101 SET @OLD_CHARACTER_SET_CLIENT=@@CHARACTER_SET_CLIENT */;
/*!40101 SET @OLD_CHARACTER_SET_RESULTS=@@CHARACTER_SET_RESULTS */;
/*!40101 SET @OLD_COLLATION_CONNECTION=@@COLLATION_CONNECTION */;
/*!40101 SET NAMES utf8mb4 */;

--
-- Database: `duanmau`
--

-- --------------------------------------------------------

--
-- Table structure for table `binhluan`
--

CREATE TABLE `binhluan` (
  `id` int(11) NOT NULL,
  `iduser` varchar(20) COLLATE utf8_bin NOT NULL,
  `idpro` int(11) NOT NULL,
  `noidung` varchar(100) COLLATE utf8_bin NOT NULL,
  `ngaybinhluan` date NOT NULL
) ENGINE=InnoDB DEFAULT CHARSET=utf8 COLLATE=utf8_bin;

--
-- Dumping data for table `binhluan`
--

INSERT INTO `binhluan` (`id`, `iduser`, `idpro`, `noidung`, `ngaybinhluan`) VALUES
(9, '1', 1004, 'Hello', '2023-05-09'),
(10, '1', 1004, 'Chào', '2023-01-01'),
(11, '1', 1004, 'Sản phẩm này rất tệ', '2023-01-01'),
(15, '5', 1031, 'Công cha như núi thái sơn', '2018-04-24'),
(16, '1', 1031, 'Nghĩa mẹ như nước trong nguồn chảy ra', '2018-04-24'),
(22, '2', 1025, 'Công cha như núi thái sơn', '2018-04-24'),
(23, '1', 1025, 'Nghĩa mẹ như nước trong nguồn chảy ra', '2018-04-24'),
(24, '1', 1005, 'Sản phẩm rất tốt', '2018-04-29'),
(25, '3', 1005, 'Máy ảnh này rất hiện đại, độ nét rất cao', '2018-04-29');

-- --------------------------------------------------------

--
-- Table structure for table `danhmuc`
--

CREATE TABLE `danhmuc` (
  `id` int(11) NOT NULL,
  `name` varchar(50) COLLATE utf8_bin NOT NULL
) ENGINE=InnoDB DEFAULT CHARSET=utf8 COLLATE=utf8_bin;

--
-- Dumping data for table `danhmuc`
--

INSERT INTO `danhmuc` (`id`, `name`) VALUES
(1001, 'Máy tính xách tay'),
(1002, 'Máy ảnh'),
(1003, 'Điện thoại'),
(1004, 'Nước hoa'),
(1005, 'Nữ trang'),
(1006, 'Nón thời trang'),
(1007, 'Túi xách du lịch');

-- --------------------------------------------------------

--
-- Table structure for table `sanpham`
--

CREATE TABLE `sanpham` (
  `id` int(11) NOT NULL,
  `name` varchar(255) COLLATE utf8_bin NOT NULL,
  `price` float NOT NULL,
  `img` varchar(255) COLLATE utf8_bin NOT NULL,
  `iddm` int(11) NOT NULL,
  `luotxem` int(11) NOT NULL,
  `mota` text COLLATE utf8_bin DEFAULT NULL,
  `trangthai` tinyint(1) NOT NULL
) ENGINE=InnoDB DEFAULT CHARSET=utf8 COLLATE=utf8_bin;

--
-- Dumping data for table `sanpham`
--

INSERT INTO `sanpham` (`id`, `name`, `price`, `img`, `iddm`, `luotxem`, `mota`, `trangthai`) VALUES
(1003, 'Aniseed Syrup 2018', 10, '1003.jpg', 1001, 2, 'Sáng nay (ngày 20/4), TAND thành phố Yên Bái (tỉnh Yên Bái) mở phiên sơ thẩm xét xử Lê Duy Phong (33 tuổi, cựu trưởng ban bạn đọc báo điện tử Giáo dục Việt Nam) về hành vi cưỡng đoạt tài sản, theo điều 170 Bộ luật hình sự 2015, khung hình phạt 7-15 năm tù.\r\n\r\nBị cáo Phong có ba luật sư bào chữa. Phiên xử dự kiến diễn ra trong một ngày với bảy người làm chứng bị triệu tập.\r\n\r\nTừ sáng sớm, an ninh tại TAND thành phố Yên Bái được thắt chặt. Hơn 50 người ngồi chật cứng trong phòng xét xử. Phóng viên tác nghiệp ở phòng riêng song chỉ có 12 chỗ nên nhiều người ngồi ngay trước phòng xử và theo dõi qua loa.\r\n\r\nTheo thông báo của thư ký phiên tòa, HĐXX triệu tập một phụ nữ tên Nhàn đến làm chứng song chị này vắng mặt. ', 0),
(1004, 'Chef Anton\'s Cajun Seasoning', 22, '1004.jpg', 1001, 27, 'Sáng nay (ngày 20/4), TAND thành phố Yên Bái (tỉnh Yên Bái) mở phiên sơ thẩm xét xử Lê Duy Phong (33 tuổi, cựu trưởng ban bạn đọc báo điện tử Giáo dục Việt Nam) về hành vi cưỡng đoạt tài sản, theo điều 170 Bộ luật hình sự 2015, khung hình phạt 7-15 năm tù.\r\n\r\nBị cáo Phong có ba luật sư bào chữa. Phiên xử dự kiến diễn ra trong một ngày với bảy người làm chứng bị triệu tập.\r\n\r\nTừ sáng sớm, an ninh tại TAND thành phố Yên Bái được thắt chặt. Hơn 50 người ngồi chật cứng trong phòng xét xử. Phóng viên tác nghiệp ở phòng riêng song chỉ có 12 chỗ nên nhiều người ngồi ngay trước phòng xử và theo dõi qua loa.\r\n\r\nTheo thông báo của thư ký phiên tòa, HĐXX triệu tập một phụ nữ tên Nhàn đến làm chứng song chị này vắng mặt. ', 0),
(1005, 'Chef Anton\'s Gumbo Mix', 21.35, '1005.jpg', 1002, 34, 'Sáng nay (ngày 20/4), TAND thành phố Yên Bái (tỉnh Yên Bái) mở phiên sơ thẩm xét xử Lê Duy Phong (33 tuổi, cựu trưởng ban bạn đọc báo điện tử Giáo dục Việt Nam) về hành vi cưỡng đoạt tài sản, theo điều 170 Bộ luật hình sự 2015, khung hình phạt 7-15 năm tù.\r\n\r\nBị cáo Phong có ba luật sư bào chữa. Phiên xử dự kiến diễn ra trong một ngày với bảy người làm chứng bị triệu tập.\r\n\r\nTừ sáng sớm, an ninh tại TAND thành phố Yên Bái được thắt chặt. Hơn 50 người ngồi chật cứng trong phòng xét xử. Phóng viên tác nghiệp ở phòng riêng song chỉ có 12 chỗ nên nhiều người ngồi ngay trước phòng xử và theo dõi qua loa.\r\n\r\nTheo thông báo của thư ký phiên tòa, HĐXX triệu tập một phụ nữ tên Nhàn đến làm chứng song chị này vắng mặt. ', 0),
(1006, 'Grandma\'s Boysenberry Spread', 25, '1006.jpg', 1001, 25, 'Sáng nay (ngày 20/4), TAND thành phố Yên Bái (tỉnh Yên Bái) mở phiên sơ thẩm xét xử Lê Duy Phong (33 tuổi, cựu trưởng ban bạn đọc báo điện tử Giáo dục Việt Nam) về hành vi cưỡng đoạt tài sản, theo điều 170 Bộ luật hình sự 2015, khung hình phạt 7-15 năm tù.\r\n\r\nBị cáo Phong có ba luật sư bào chữa. Phiên xử dự kiến diễn ra trong một ngày với bảy người làm chứng bị triệu tập.\r\n\r\nTừ sáng sớm, an ninh tại TAND thành phố Yên Bái được thắt chặt. Hơn 50 người ngồi chật cứng trong phòng xét xử. Phóng viên tác nghiệp ở phòng riêng song chỉ có 12 chỗ nên nhiều người ngồi ngay trước phòng xử và theo dõi qua loa.\r\n\r\nTheo thông báo của thư ký phiên tòa, HĐXX triệu tập một phụ nữ tên Nhàn đến làm chứng song chị này vắng mặt. ', 0),
(1007, 'Uncle Bob\'s Organic Dried Pears', 30, '1007.jpg', 1006, 30, 'Sáng nay (ngày 20/4), TAND thành phố Yên Bái (tỉnh Yên Bái) mở phiên sơ thẩm xét xử Lê Duy Phong (33 tuổi, cựu trưởng ban bạn đọc báo điện tử Giáo dục Việt Nam) về hành vi cưỡng đoạt tài sản, theo điều 170 Bộ luật hình sự 2015, khung hình phạt 7-15 năm tù.\r\n\r\nBị cáo Phong có ba luật sư bào chữa. Phiên xử dự kiến diễn ra trong một ngày với bảy người làm chứng bị triệu tập.\r\n\r\nTừ sáng sớm, an ninh tại TAND thành phố Yên Bái được thắt chặt. Hơn 50 người ngồi chật cứng trong phòng xét xử. Phóng viên tác nghiệp ở phòng riêng song chỉ có 12 chỗ nên nhiều người ngồi ngay trước phòng xử và theo dõi qua loa.\r\n\r\nTheo thông báo của thư ký phiên tòa, HĐXX triệu tập một phụ nữ tên Nhàn đến làm chứng song chị này vắng mặt. ', 0),
(1008, 'Northwoods Cranberry Sauce', 40, '1008.jpg', 1001, 41, 'Sáng nay (ngày 20/4), TAND thành phố Yên Bái (tỉnh Yên Bái) mở phiên sơ thẩm xét xử Lê Duy Phong (33 tuổi, cựu trưởng ban bạn đọc báo điện tử Giáo dục Việt Nam) về hành vi cưỡng đoạt tài sản, theo điều 170 Bộ luật hình sự 2015, khung hình phạt 7-15 năm tù.\r\n\r\nBị cáo Phong có ba luật sư bào chữa. Phiên xử dự kiến diễn ra trong một ngày với bảy người làm chứng bị triệu tập.\r\n\r\nTừ sáng sớm, an ninh tại TAND thành phố Yên Bái được thắt chặt. Hơn 50 người ngồi chật cứng trong phòng xét xử. Phóng viên tác nghiệp ở phòng riêng song chỉ có 12 chỗ nên nhiều người ngồi ngay trước phòng xử và theo dõi qua loa.\r\n\r\nTheo thông báo của thư ký phiên tòa, HĐXX triệu tập một phụ nữ tên Nhàn đến làm chứng song chị này vắng mặt. ', 0),
(1009, 'Mishi Kobe Niku', 97, '1009.jpg', 1005, 100, 'Sáng nay (ngày 20/4), TAND thành phố Yên Bái (tỉnh Yên Bái) mở phiên sơ thẩm xét xử Lê Duy Phong (33 tuổi, cựu trưởng ban bạn đọc báo điện tử Giáo dục Việt Nam) về hành vi cưỡng đoạt tài sản, theo điều 170 Bộ luật hình sự 2015, khung hình phạt 7-15 năm tù.\r\n\r\nBị cáo Phong có ba luật sư bào chữa. Phiên xử dự kiến diễn ra trong một ngày với bảy người làm chứng bị triệu tập.\r\n\r\nTừ sáng sớm, an ninh tại TAND thành phố Yên Bái được thắt chặt. Hơn 50 người ngồi chật cứng trong phòng xét xử. Phóng viên tác nghiệp ở phòng riêng song chỉ có 12 chỗ nên nhiều người ngồi ngay trước phòng xử và theo dõi qua loa.\r\n\r\nTheo thông báo của thư ký phiên tòa, HĐXX triệu tập một phụ nữ tên Nhàn đến làm chứng song chị này vắng mặt. ', 0),
(1010, 'Ikura', 31, '1010.jpg', 1007, 32, 'Sáng nay (ngày 20/4), TAND thành phố Yên Bái (tỉnh Yên Bái) mở phiên sơ thẩm xét xử Lê Duy Phong (33 tuổi, cựu trưởng ban bạn đọc báo điện tử Giáo dục Việt Nam) về hành vi cưỡng đoạt tài sản, theo điều 170 Bộ luật hình sự 2015, khung hình phạt 7-15 năm tù.\r\n\r\nBị cáo Phong có ba luật sư bào chữa. Phiên xử dự kiến diễn ra trong một ngày với bảy người làm chứng bị triệu tập.\r\n\r\nTừ sáng sớm, an ninh tại TAND thành phố Yên Bái được thắt chặt. Hơn 50 người ngồi chật cứng trong phòng xét xử. Phóng viên tác nghiệp ở phòng riêng song chỉ có 12 chỗ nên nhiều người ngồi ngay trước phòng xử và theo dõi qua loa.\r\n\r\nTheo thông báo của thư ký phiên tòa, HĐXX triệu tập một phụ nữ tên Nhàn đến làm chứng song chị này vắng mặt. ', 0),
(1011, 'Queso Cabrales', 21, '1011.jpg', 1003, 21, 'Sáng nay (ngày 20/4), TAND thành phố Yên Bái (tỉnh Yên Bái) mở phiên sơ thẩm xét xử Lê Duy Phong (33 tuổi, cựu trưởng ban bạn đọc báo điện tử Giáo dục Việt Nam) về hành vi cưỡng đoạt tài sản, theo điều 170 Bộ luật hình sự 2015, khung hình phạt 7-15 năm tù.\r\n\r\nBị cáo Phong có ba luật sư bào chữa. Phiên xử dự kiến diễn ra trong một ngày với bảy người làm chứng bị triệu tập.\r\n\r\nTừ sáng sớm, an ninh tại TAND thành phố Yên Bái được thắt chặt. Hơn 50 người ngồi chật cứng trong phòng xét xử. Phóng viên tác nghiệp ở phòng riêng song chỉ có 12 chỗ nên nhiều người ngồi ngay trước phòng xử và theo dõi qua loa.\r\n\r\nTheo thông báo của thư ký phiên tòa, HĐXX triệu tập một phụ nữ tên Nhàn đến làm chứng song chị này vắng mặt. ', 0),
(1012, 'Queso Manchego La Pastora', 38, '1012.jpg', 1003, 44, 'Sáng nay (ngày 20/4), TAND thành phố Yên Bái (tỉnh Yên Bái) mở phiên sơ thẩm xét xử Lê Duy Phong (33 tuổi, cựu trưởng ban bạn đọc báo điện tử Giáo dục Việt Nam) về hành vi cưỡng đoạt tài sản, theo điều 170 Bộ luật hình sự 2015, khung hình phạt 7-15 năm tù.\r\n\r\nBị cáo Phong có ba luật sư bào chữa. Phiên xử dự kiến diễn ra trong một ngày với bảy người làm chứng bị triệu tập.\r\n\r\nTừ sáng sớm, an ninh tại TAND thành phố Yên Bái được thắt chặt. Hơn 50 người ngồi chật cứng trong phòng xét xử. Phóng viên tác nghiệp ở phòng riêng song chỉ có 12 chỗ nên nhiều người ngồi ngay trước phòng xử và theo dõi qua loa.\r\n\r\nTheo thông báo của thư ký phiên tòa, HĐXX triệu tập một phụ nữ tên Nhàn đến làm chứng song chị này vắng mặt. ', 0),
(1013, 'Konbu', 6, '1013.jpg', 1007, 6, 'Sáng nay (ngày 20/4), TAND thành phố Yên Bái (tỉnh Yên Bái) mở phiên sơ thẩm xét xử Lê Duy Phong (33 tuổi, cựu trưởng ban bạn đọc báo điện tử Giáo dục Việt Nam) về hành vi cưỡng đoạt tài sản, theo điều 170 Bộ luật hình sự 2015, khung hình phạt 7-15 năm tù.\r\n\r\nBị cáo Phong có ba luật sư bào chữa. Phiên xử dự kiến diễn ra trong một ngày với bảy người làm chứng bị triệu tập.\r\n\r\nTừ sáng sớm, an ninh tại TAND thành phố Yên Bái được thắt chặt. Hơn 50 người ngồi chật cứng trong phòng xét xử. Phóng viên tác nghiệp ở phòng riêng song chỉ có 12 chỗ nên nhiều người ngồi ngay trước phòng xử và theo dõi qua loa.\r\n\r\nTheo thông báo của thư ký phiên tòa, HĐXX triệu tập một phụ nữ tên Nhàn đến làm chứng song chị này vắng mặt. ', 0),
(1014, 'Tofu', 23.25, '1014.jpg', 1006, 28, 'Sáng nay (ngày 20/4), TAND thành phố Yên Bái (tỉnh Yên Bái) mở phiên sơ thẩm xét xử Lê Duy Phong (33 tuổi, cựu trưởng ban bạn đọc báo điện tử Giáo dục Việt Nam) về hành vi cưỡng đoạt tài sản, theo điều 170 Bộ luật hình sự 2015, khung hình phạt 7-15 năm tù.\r\n\r\nBị cáo Phong có ba luật sư bào chữa. Phiên xử dự kiến diễn ra trong một ngày với bảy người làm chứng bị triệu tập.\r\n\r\nTừ sáng sớm, an ninh tại TAND thành phố Yên Bái được thắt chặt. Hơn 50 người ngồi chật cứng trong phòng xét xử. Phóng viên tác nghiệp ở phòng riêng song chỉ có 12 chỗ nên nhiều người ngồi ngay trước phòng xử và theo dõi qua loa.\r\n\r\nTheo thông báo của thư ký phiên tòa, HĐXX triệu tập một phụ nữ tên Nhàn đến làm chứng song chị này vắng mặt. ', 0),
(1015, 'Genen Shouyu', 15.5, '1015.jpg', 1001, 15, 'Sáng nay (ngày 20/4), TAND thành phố Yên Bái (tỉnh Yên Bái) mở phiên sơ thẩm xét xử Lê Duy Phong (33 tuổi, cựu trưởng ban bạn đọc báo điện tử Giáo dục Việt Nam) về hành vi cưỡng đoạt tài sản, theo điều 170 Bộ luật hình sự 2015, khung hình phạt 7-15 năm tù.\r\n\r\nBị cáo Phong có ba luật sư bào chữa. Phiên xử dự kiến diễn ra trong một ngày với bảy người làm chứng bị triệu tập.\r\n\r\nTừ sáng sớm, an ninh tại TAND thành phố Yên Bái được thắt chặt. Hơn 50 người ngồi chật cứng trong phòng xét xử. Phóng viên tác nghiệp ở phòng riêng song chỉ có 12 chỗ nên nhiều người ngồi ngay trước phòng xử và theo dõi qua loa.\r\n\r\nTheo thông báo của thư ký phiên tòa, HĐXX triệu tập một phụ nữ tên Nhàn đến làm chứng song chị này vắng mặt. ', 0),
(1016, 'Pavlova', 17.45, '1016.jpg', 1002, 17, 'Sáng nay (ngày 20/4), TAND thành phố Yên Bái (tỉnh Yên Bái) mở phiên sơ thẩm xét xử Lê Duy Phong (33 tuổi, cựu trưởng ban bạn đọc báo điện tử Giáo dục Việt Nam) về hành vi cưỡng đoạt tài sản, theo điều 170 Bộ luật hình sự 2015, khung hình phạt 7-15 năm tù.\r\n\r\nBị cáo Phong có ba luật sư bào chữa. Phiên xử dự kiến diễn ra trong một ngày với bảy người làm chứng bị triệu tập.\r\n\r\nTừ sáng sớm, an ninh tại TAND thành phố Yên Bái được thắt chặt. Hơn 50 người ngồi chật cứng trong phòng xét xử. Phóng viên tác nghiệp ở phòng riêng song chỉ có 12 chỗ nên nhiều người ngồi ngay trước phòng xử và theo dõi qua loa.\r\n\r\nTheo thông báo của thư ký phiên tòa, HĐXX triệu tập một phụ nữ tên Nhàn đến làm chứng song chị này vắng mặt. ', 0),
(1017, 'Alice Mutton', 39, '1017.jpg', 1005, 43, 'Sáng nay (ngày 20/4), TAND thành phố Yên Bái (tỉnh Yên Bái) mở phiên sơ thẩm xét xử Lê Duy Phong (33 tuổi, cựu trưởng ban bạn đọc báo điện tử Giáo dục Việt Nam) về hành vi cưỡng đoạt tài sản, theo điều 170 Bộ luật hình sự 2015, khung hình phạt 7-15 năm tù.\r\n\r\nBị cáo Phong có ba luật sư bào chữa. Phiên xử dự kiến diễn ra trong một ngày với bảy người làm chứng bị triệu tập.\r\n\r\nTừ sáng sớm, an ninh tại TAND thành phố Yên Bái được thắt chặt. Hơn 50 người ngồi chật cứng trong phòng xét xử. Phóng viên tác nghiệp ở phòng riêng song chỉ có 12 chỗ nên nhiều người ngồi ngay trước phòng xử và theo dõi qua loa.\r\n\r\nTheo thông báo của thư ký phiên tòa, HĐXX triệu tập một phụ nữ tên Nhàn đến làm chứng song chị này vắng mặt. ', 0),
(1018, 'Carnarvon Tigers', 62.5, '1018.jpg', 1007, 64, 'Sáng nay (ngày 20/4), TAND thành phố Yên Bái (tỉnh Yên Bái) mở phiên sơ thẩm xét xử Lê Duy Phong (33 tuổi, cựu trưởng ban bạn đọc báo điện tử Giáo dục Việt Nam) về hành vi cưỡng đoạt tài sản, theo điều 170 Bộ luật hình sự 2015, khung hình phạt 7-15 năm tù.\r\n\r\nBị cáo Phong có ba luật sư bào chữa. Phiên xử dự kiến diễn ra trong một ngày với bảy người làm chứng bị triệu tập.\r\n\r\nTừ sáng sớm, an ninh tại TAND thành phố Yên Bái được thắt chặt. Hơn 50 người ngồi chật cứng trong phòng xét xử. Phóng viên tác nghiệp ở phòng riêng song chỉ có 12 chỗ nên nhiều người ngồi ngay trước phòng xử và theo dõi qua loa.\r\n\r\nTheo thông báo của thư ký phiên tòa, HĐXX triệu tập một phụ nữ tên Nhàn đến làm chứng song chị này vắng mặt. ', 0),
(1019, 'Teatime Chocolate Biscuits', 9.2, '1019.jpg', 1002, 10, 'Sáng nay (ngày 20/4), TAND thành phố Yên Bái (tỉnh Yên Bái) mở phiên sơ thẩm xét xử Lê Duy Phong (33 tuổi, cựu trưởng ban bạn đọc báo điện tử Giáo dục Việt Nam) về hành vi cưỡng đoạt tài sản, theo điều 170 Bộ luật hình sự 2015, khung hình phạt 7-15 năm tù.\r\n\r\nBị cáo Phong có ba luật sư bào chữa. Phiên xử dự kiến diễn ra trong một ngày với bảy người làm chứng bị triệu tập.\r\n\r\nTừ sáng sớm, an ninh tại TAND thành phố Yên Bái được thắt chặt. Hơn 50 người ngồi chật cứng trong phòng xét xử. Phóng viên tác nghiệp ở phòng riêng song chỉ có 12 chỗ nên nhiều người ngồi ngay trước phòng xử và theo dõi qua loa.\r\n\r\nTheo thông báo của thư ký phiên tòa, HĐXX triệu tập một phụ nữ tên Nhàn đến làm chứng song chị này vắng mặt. ', 0),
(1020, 'Sir Rodney\'s Marmalade', 81, '1020.jpg', 1002, 2007, 'Sáng nay (ngày 20/4), TAND thành phố Yên Bái (tỉnh Yên Bái) mở phiên sơ thẩm xét xử Lê Duy Phong (33 tuổi, cựu trưởng ban bạn đọc báo điện tử Giáo dục Việt Nam) về hành vi cưỡng đoạt tài sản, theo điều 170 Bộ luật hình sự 2015, khung hình phạt 7-15 năm tù.\r\n\r\nBị cáo Phong có ba luật sư bào chữa. Phiên xử dự kiến diễn ra trong một ngày với bảy người làm chứng bị triệu tập.\r\n\r\nTừ sáng sớm, an ninh tại TAND thành phố Yên Bái được thắt chặt. Hơn 50 người ngồi chật cứng trong phòng xét xử. Phóng viên tác nghiệp ở phòng riêng song chỉ có 12 chỗ nên nhiều người ngồi ngay trước phòng xử và theo dõi qua loa.\r\n\r\nTheo thông báo của thư ký phiên tòa, HĐXX triệu tập một phụ nữ tên Nhàn đến làm chứng song chị này vắng mặt. ', 0),
(1021, 'Sir Rodney\'s Scones', 10, '1021.jpg', 1002, 10, 'Sáng nay (ngày 20/4), TAND thành phố Yên Bái (tỉnh Yên Bái) mở phiên sơ thẩm xét xử Lê Duy Phong (33 tuổi, cựu trưởng ban bạn đọc báo điện tử Giáo dục Việt Nam) về hành vi cưỡng đoạt tài sản, theo điều 170 Bộ luật hình sự 2015, khung hình phạt 7-15 năm tù.\r\n\r\nBị cáo Phong có ba luật sư bào chữa. Phiên xử dự kiến diễn ra trong một ngày với bảy người làm chứng bị triệu tập.\r\n\r\nTừ sáng sớm, an ninh tại TAND thành phố Yên Bái được thắt chặt. Hơn 50 người ngồi chật cứng trong phòng xét xử. Phóng viên tác nghiệp ở phòng riêng song chỉ có 12 chỗ nên nhiều người ngồi ngay trước phòng xử và theo dõi qua loa.\r\n\r\nTheo thông báo của thư ký phiên tòa, HĐXX triệu tập một phụ nữ tên Nhàn đến làm chứng song chị này vắng mặt. ', 0),
(1022, 'Gustaf flower', 21, '1022.jpg', 1004, 21, 'Sáng nay (ngày 20/4), TAND thành phố Yên Bái (tỉnh Yên Bái) mở phiên sơ thẩm xét xử Lê Duy Phong (33 tuổi, cựu trưởng ban bạn đọc báo điện tử Giáo dục Việt Nam) về hành vi cưỡng đoạt tài sản, theo điều 170 Bộ luật hình sự 2015, khung hình phạt 7-15 năm tù.\r\n\r\nBị cáo Phong có ba luật sư bào chữa. Phiên xử dự kiến diễn ra trong một ngày với bảy người làm chứng bị triệu tập.\r\n\r\nTừ sáng sớm, an ninh tại TAND thành phố Yên Bái được thắt chặt. Hơn 50 người ngồi chật cứng trong phòng xét xử. Phóng viên tác nghiệp ở phòng riêng song chỉ có 12 chỗ nên nhiều người ngồi ngay trước phòng xử và theo dõi qua loa.\r\n\r\nTheo thông báo của thư ký phiên tòa, HĐXX triệu tập một phụ nữ tên Nhàn đến làm chứng song chị này vắng mặt. ', 0),
(1023, 'Tunnbr Korea', 9, '1023.jpg', 1004, 14, 'Sáng nay (ngày 20/4), TAND thành phố Yên Bái (tỉnh Yên Bái) mở phiên sơ thẩm xét xử Lê Duy Phong (33 tuổi, cựu trưởng ban bạn đọc báo điện tử Giáo dục Việt Nam) về hành vi cưỡng đoạt tài sản, theo điều 170 Bộ luật hình sự 2015, khung hình phạt 7-15 năm tù.\r\n\r\nBị cáo Phong có ba luật sư bào chữa. Phiên xử dự kiến diễn ra trong một ngày với bảy người làm chứng bị triệu tập.\r\n\r\nTừ sáng sớm, an ninh tại TAND thành phố Yên Bái được thắt chặt. Hơn 50 người ngồi chật cứng trong phòng xét xử. Phóng viên tác nghiệp ở phòng riêng song chỉ có 12 chỗ nên nhiều người ngồi ngay trước phòng xử và theo dõi qua loa.\r\n\r\nTheo thông báo của thư ký phiên tòa, HĐXX triệu tập một phụ nữ tên Nhàn đến làm chứng song chị này vắng mặt. ', 0),
(1025, 'NuNuCa Nuaa-Nougat-Creme', 14, '1025.jpg', 1002, 18, 'Sáng nay (ngày 20/4), TAND thành phố Yên Bái (tỉnh Yên Bái) mở phiên sơ thẩm xét xử Lê Duy Phong (33 tuổi, cựu trưởng ban bạn đọc báo điện tử Giáo dục Việt Nam) về hành vi cưỡng đoạt tài sản, theo điều 170 Bộ luật hình sự 2015, khung hình phạt 7-15 năm tù.\r\n\r\nBị cáo Phong có ba luật sư bào chữa. Phiên xử dự kiến diễn ra trong một ngày với bảy người làm chứng bị triệu tập.\r\n\r\nTừ sáng sớm, an ninh tại TAND thành phố Yên Bái được thắt chặt. Hơn 50 người ngồi chật cứng trong phòng xét xử. Phóng viên tác nghiệp ở phòng riêng song chỉ có 12 chỗ nên nhiều người ngồi ngay trước phòng xử và theo dõi qua loa.\r\n\r\nTheo thông báo của thư ký phiên tòa, HĐXX triệu tập một phụ nữ tên Nhàn đến làm chứng song chị này vắng mặt. ', 0),
(1026, 'Gumbar Gummibarchen', 31.23, '1026.jpg', 1002, 31, 'Sáng nay (ngày 20/4), TAND thành phố Yên Bái (tỉnh Yên Bái) mở phiên sơ thẩm xét xử Lê Duy Phong (33 tuổi, cựu trưởng ban bạn đọc báo điện tử Giáo dục Việt Nam) về hành vi cưỡng đoạt tài sản, theo điều 170 Bộ luật hình sự 2015, khung hình phạt 7-15 năm tù.\r\n\r\nBị cáo Phong có ba luật sư bào chữa. Phiên xử dự kiến diễn ra trong một ngày với bảy người làm chứng bị triệu tập.\r\n\r\nTừ sáng sớm, an ninh tại TAND thành phố Yên Bái được thắt chặt. Hơn 50 người ngồi chật cứng trong phòng xét xử. Phóng viên tác nghiệp ở phòng riêng song chỉ có 12 chỗ nên nhiều người ngồi ngay trước phòng xử và theo dõi qua loa.\r\n\r\nTheo thông báo của thư ký phiên tòa, HĐXX triệu tập một phụ nữ tên Nhàn đến làm chứng song chị này vắng mặt. ', 0),
(1027, 'Schoggi Schokolade', 43.9, '1027.jpg', 1002, 43, 'Sáng nay (ngày 20/4), TAND thành phố Yên Bái (tỉnh Yên Bái) mở phiên sơ thẩm xét xử Lê Duy Phong (33 tuổi, cựu trưởng ban bạn đọc báo điện tử Giáo dục Việt Nam) về hành vi cưỡng đoạt tài sản, theo điều 170 Bộ luật hình sự 2015, khung hình phạt 7-15 năm tù.\r\n\r\nBị cáo Phong có ba luật sư bào chữa. Phiên xử dự kiến diễn ra trong một ngày với bảy người làm chứng bị triệu tập.\r\n\r\nTừ sáng sớm, an ninh tại TAND thành phố Yên Bái được thắt chặt. Hơn 50 người ngồi chật cứng trong phòng xét xử. Phóng viên tác nghiệp ở phòng riêng song chỉ có 12 chỗ nên nhiều người ngồi ngay trước phòng xử và theo dõi qua loa.\r\n\r\nTheo thông báo của thư ký phiên tòa, HĐXX triệu tập một phụ nữ tên Nhàn đến làm chứng song chị này vắng mặt. ', 0),
(1028, 'Russle Sauerkraut', 45.6, '1028.jpg', 1006, 47, 'Sáng nay (ngày 20/4), TAND thành phố Yên Bái (tỉnh Yên Bái) mở phiên sơ thẩm xét xử Lê Duy Phong (33 tuổi, cựu trưởng ban bạn đọc báo điện tử Giáo dục Việt Nam) về hành vi cưỡng đoạt tài sản, theo điều 170 Bộ luật hình sự 2015, khung hình phạt 7-15 năm tù.\r\n\r\nBị cáo Phong có ba luật sư bào chữa. Phiên xử dự kiến diễn ra trong một ngày với bảy người làm chứng bị triệu tập.\r\n\r\nTừ sáng sớm, an ninh tại TAND thành phố Yên Bái được thắt chặt. Hơn 50 người ngồi chật cứng trong phòng xét xử. Phóng viên tác nghiệp ở phòng riêng song chỉ có 12 chỗ nên nhiều người ngồi ngay trước phòng xử và theo dõi qua loa.\r\n\r\nTheo thông báo của thư ký phiên tòa, HĐXX triệu tập một phụ nữ tên Nhàn đến làm chứng song chị này vắng mặt. ', 0),
(1029, 'Tharinger Rostbratwurst', 123.79, '1029.jpg', 1005, 143, 'Sáng nay (ngày 20/4), TAND thành phố Yên Bái (tỉnh Yên Bái) mở phiên sơ thẩm xét xử Lê Duy Phong (33 tuổi, cựu trưởng ban bạn đọc báo điện tử Giáo dục Việt Nam) về hành vi cưỡng đoạt tài sản, theo điều 170 Bộ luật hình sự 2015, khung hình phạt 7-15 năm tù.\r\n\r\nBị cáo Phong có ba luật sư bào chữa. Phiên xử dự kiến diễn ra trong một ngày với bảy người làm chứng bị triệu tập.\r\n\r\nTừ sáng sớm, an ninh tại TAND thành phố Yên Bái được thắt chặt. Hơn 50 người ngồi chật cứng trong phòng xét xử. Phóng viên tác nghiệp ở phòng riêng song chỉ có 12 chỗ nên nhiều người ngồi ngay trước phòng xử và theo dõi qua loa.\r\n\r\nTheo thông báo của thư ký phiên tòa, HĐXX triệu tập một phụ nữ tên Nhàn đến làm chứng song chị này vắng mặt. ', 0),
(1030, 'Nord-Ost Matjeshering', 25.89, '1030.jpg', 1007, 25, 'Sáng nay (ngày 20/4), TAND thành phố Yên Bái (tỉnh Yên Bái) mở phiên sơ thẩm xét xử Lê Duy Phong (33 tuổi, cựu trưởng ban bạn đọc báo điện tử Giáo dục Việt Nam) về hành vi cưỡng đoạt tài sản, theo điều 170 Bộ luật hình sự 2015, khung hình phạt 7-15 năm tù.\r\n\r\nBị cáo Phong có ba luật sư bào chữa. Phiên xử dự kiến diễn ra trong một ngày với bảy người làm chứng bị triệu tập.\r\n\r\nTừ sáng sớm, an ninh tại TAND thành phố Yên Bái được thắt chặt. Hơn 50 người ngồi chật cứng trong phòng xét xử. Phóng viên tác nghiệp ở phòng riêng song chỉ có 12 chỗ nên nhiều người ngồi ngay trước phòng xử và theo dõi qua loa.\r\n\r\nTheo thông báo của thư ký phiên tòa, HĐXX triệu tập một phụ nữ tên Nhàn đến làm chứng song chị này vắng mặt. ', 0),
(1031, 'Gorgonzola Telino', 12.5, '1031.jpg', 1003, 12, 'Sáng nay (ngày 20/4), TAND thành phố Yên Bái (tỉnh Yên Bái) mở phiên sơ thẩm xét xử Lê Duy Phong (33 tuổi, cựu trưởng ban bạn đọc báo điện tử Giáo dục Việt Nam) về hành vi cưỡng đoạt tài sản, theo điều 170 Bộ luật hình sự 2015, khung hình phạt 7-15 năm tù.\r\n\r\nBị cáo Phong có ba luật sư bào chữa. Phiên xử dự kiến diễn ra trong một ngày với bảy người làm chứng bị triệu tập.\r\n\r\nTừ sáng sớm, an ninh tại TAND thành phố Yên Bái được thắt chặt. Hơn 50 người ngồi chật cứng trong phòng xét xử. Phóng viên tác nghiệp ở phòng riêng song chỉ có 12 chỗ nên nhiều người ngồi ngay trước phòng xử và theo dõi qua loa.\r\n\r\nTheo thông báo của thư ký phiên tòa, HĐXX triệu tập một phụ nữ tên Nhàn đến làm chứng song chị này vắng mặt. ', 0),
(1032, 'Mascarpone Fabioli', 32, '1032.jpg', 1003, 34, 'Sáng nay (ngày 20/4), TAND thành phố Yên Bái (tỉnh Yên Bái) mở phiên sơ thẩm xét xử Lê Duy Phong (33 tuổi, cựu trưởng ban bạn đọc báo điện tử Giáo dục Việt Nam) về hành vi cưỡng đoạt tài sản, theo điều 170 Bộ luật hình sự 2015, khung hình phạt 7-15 năm tù.\r\n\r\nBị cáo Phong có ba luật sư bào chữa. Phiên xử dự kiến diễn ra trong một ngày với bảy người làm chứng bị triệu tập.\r\n\r\nTừ sáng sớm, an ninh tại TAND thành phố Yên Bái được thắt chặt. Hơn 50 người ngồi chật cứng trong phòng xét xử. Phóng viên tác nghiệp ở phòng riêng song chỉ có 12 chỗ nên nhiều người ngồi ngay trước phòng xử và theo dõi qua loa.\r\n\r\nTheo thông báo của thư ký phiên tòa, HĐXX triệu tập một phụ nữ tên Nhàn đến làm chứng song chị này vắng mặt. ', 0),
(1033, 'Geitost', 2.5, '1033.png', 1003, 2, 'Sáng nay (ngày 20/4), TAND thành phố Yên Bái (tỉnh Yên Bái) mở phiên sơ thẩm xét xử Lê Duy Phong (33 tuổi, cựu trưởng ban bạn đọc báo điện tử Giáo dục Việt Nam) về hành vi cưỡng đoạt tài sản, theo điều 170 Bộ luật hình sự 2015, khung hình phạt 7-15 năm tù.\r\n\r\nBị cáo Phong có ba luật sư bào chữa. Phiên xử dự kiến diễn ra trong một ngày với bảy người làm chứng bị triệu tập.\r\n\r\nTừ sáng sớm, an ninh tại TAND thành phố Yên Bái được thắt chặt. Hơn 50 người ngồi chật cứng trong phòng xét xử. Phóng viên tác nghiệp ở phòng riêng song chỉ có 12 chỗ nên nhiều người ngồi ngay trước phòng xử và theo dõi qua loa.\r\n\r\nTheo thông báo của thư ký phiên tòa, HĐXX triệu tập một phụ nữ tên Nhàn đến làm chứng song chị này vắng mặt. ', 0),
(1036, 'Inlagd Sill', 19, '1036.jpg', 1007, 19, 'Sáng nay (ngày 20/4), TAND thành phố Yên Bái (tỉnh Yên Bái) mở phiên sơ thẩm xét xử Lê Duy Phong (33 tuổi, cựu trưởng ban bạn đọc báo điện tử Giáo dục Việt Nam) về hành vi cưỡng đoạt tài sản, theo điều 170 Bộ luật hình sự 2015, khung hình phạt 7-15 năm tù.\r\n\r\nBị cáo Phong có ba luật sư bào chữa. Phiên xử dự kiến diễn ra trong một ngày với bảy người làm chứng bị triệu tập.\r\n\r\nTừ sáng sớm, an ninh tại TAND thành phố Yên Bái được thắt chặt. Hơn 50 người ngồi chật cứng trong phòng xét xử. Phóng viên tác nghiệp ở phòng riêng song chỉ có 12 chỗ nên nhiều người ngồi ngay trước phòng xử và theo dõi qua loa.\r\n\r\nTheo thông báo của thư ký phiên tòa, HĐXX triệu tập một phụ nữ tên Nhàn đến làm chứng song chị này vắng mặt. ', 0),
(1037, 'Gravad lax', 26, '1037.jpg', 1007, 27, 'Sáng nay (ngày 20/4), TAND thành phố Yên Bái (tỉnh Yên Bái) mở phiên sơ thẩm xét xử Lê Duy Phong (33 tuổi, cựu trưởng ban bạn đọc báo điện tử Giáo dục Việt Nam) về hành vi cưỡng đoạt tài sản, theo điều 170 Bộ luật hình sự 2015, khung hình phạt 7-15 năm tù.\r\n\r\nBị cáo Phong có ba luật sư bào chữa. Phiên xử dự kiến diễn ra trong một ngày với bảy người làm chứng bị triệu tập.\r\n\r\nTừ sáng sớm, an ninh tại TAND thành phố Yên Bái được thắt chặt. Hơn 50 người ngồi chật cứng trong phòng xét xử. Phóng viên tác nghiệp ở phòng riêng song chỉ có 12 chỗ nên nhiều người ngồi ngay trước phòng xử và theo dõi qua loa.\r\n\r\nTheo thông báo của thư ký phiên tòa, HĐXX triệu tập một phụ nữ tên Nhàn đến làm chứng song chị này vắng mặt. ', 0),
(1040, 'Boston Crab Meat', 18.4, '1040.jpg', 1007, 18, 'Sáng nay (ngày 20/4), TAND thành phố Yên Bái (tỉnh Yên Bái) mở phiên sơ thẩm xét xử Lê Duy Phong (33 tuổi, cựu trưởng ban bạn đọc báo điện tử Giáo dục Việt Nam) về hành vi cưỡng đoạt tài sản, theo điều 170 Bộ luật hình sự 2015, khung hình phạt 7-15 năm tù.\r\n\r\nBị cáo Phong có ba luật sư bào chữa. Phiên xử dự kiến diễn ra trong một ngày với bảy người làm chứng bị triệu tập.\r\n\r\nTừ sáng sớm, an ninh tại TAND thành phố Yên Bái được thắt chặt. Hơn 50 người ngồi chật cứng trong phòng xét xử. Phóng viên tác nghiệp ở phòng riêng song chỉ có 12 chỗ nên nhiều người ngồi ngay trước phòng xử và theo dõi qua loa.\r\n\r\nTheo thông báo của thư ký phiên tòa, HĐXX triệu tập một phụ nữ tên Nhàn đến làm chứng song chị này vắng mặt. ', 0),
(1041, 'Jack\'s New England Clam Chowder', 9.65, '1041.jpg', 1007, 9, 'Sáng nay (ngày 20/4), TAND thành phố Yên Bái (tỉnh Yên Bái) mở phiên sơ thẩm xét xử Lê Duy Phong (33 tuổi, cựu trưởng ban bạn đọc báo điện tử Giáo dục Việt Nam) về hành vi cưỡng đoạt tài sản, theo điều 170 Bộ luật hình sự 2015, khung hình phạt 7-15 năm tù.\r\n\r\nBị cáo Phong có ba luật sư bào chữa. Phiên xử dự kiến diễn ra trong một ngày với bảy người làm chứng bị triệu tập.\r\n\r\nTừ sáng sớm, an ninh tại TAND thành phố Yên Bái được thắt chặt. Hơn 50 người ngồi chật cứng trong phòng xét xử. Phóng viên tác nghiệp ở phòng riêng song chỉ có 12 chỗ nên nhiều người ngồi ngay trước phòng xử và theo dõi qua loa.\r\n\r\nTheo thông báo của thư ký phiên tòa, HĐXX triệu tập một phụ nữ tên Nhàn đến làm chứng song chị này vắng mặt. ', 0),
(1042, 'Singaporean Hokkien Fried Mee', 14, '1042.jpg', 1004, 14, 'Sáng nay (ngày 20/4), TAND thành phố Yên Bái (tỉnh Yên Bái) mở phiên sơ thẩm xét xử Lê Duy Phong (33 tuổi, cựu trưởng ban bạn đọc báo điện tử Giáo dục Việt Nam) về hành vi cưỡng đoạt tài sản, theo điều 170 Bộ luật hình sự 2015, khung hình phạt 7-15 năm tù.\r\n\r\nBị cáo Phong có ba luật sư bào chữa. Phiên xử dự kiến diễn ra trong một ngày với bảy người làm chứng bị triệu tập.\r\n\r\nTừ sáng sớm, an ninh tại TAND thành phố Yên Bái được thắt chặt. Hơn 50 người ngồi chật cứng trong phòng xét xử. Phóng viên tác nghiệp ở phòng riêng song chỉ có 12 chỗ nên nhiều người ngồi ngay trước phòng xử và theo dõi qua loa.\r\n\r\nTheo thông báo của thư ký phiên tòa, HĐXX triệu tập một phụ nữ tên Nhàn đến làm chứng song chị này vắng mặt. ', 0),
(1044, 'Gula Malacca', 19.45, '1044.jpg', 1001, 23, 'Sáng nay (ngày 20/4), TAND thành phố Yên Bái (tỉnh Yên Bái) mở phiên sơ thẩm xét xử Lê Duy Phong (33 tuổi, cựu trưởng ban bạn đọc báo điện tử Giáo dục Việt Nam) về hành vi cưỡng đoạt tài sản, theo điều 170 Bộ luật hình sự 2015, khung hình phạt 7-15 năm tù.\r\n\r\nBị cáo Phong có ba luật sư bào chữa. Phiên xử dự kiến diễn ra trong một ngày với bảy người làm chứng bị triệu tập.\r\n\r\nTừ sáng sớm, an ninh tại TAND thành phố Yên Bái được thắt chặt. Hơn 50 người ngồi chật cứng trong phòng xét xử. Phóng viên tác nghiệp ở phòng riêng song chỉ có 12 chỗ nên nhiều người ngồi ngay trước phòng xử và theo dõi qua loa.\r\n\r\nTheo thông báo của thư ký phiên tòa, HĐXX triệu tập một phụ nữ tên Nhàn đến làm chứng song chị này vắng mặt. ', 0),
(1045, 'Rogede sild', 9.5, '1045.jpg', 1007, 10, 'Sáng nay (ngày 20/4), TAND thành phố Yên Bái (tỉnh Yên Bái) mở phiên sơ thẩm xét xử Lê Duy Phong (33 tuổi, cựu trưởng ban bạn đọc báo điện tử Giáo dục Việt Nam) về hành vi cưỡng đoạt tài sản, theo điều 170 Bộ luật hình sự 2015, khung hình phạt 7-15 năm tù.\r\n\r\nBị cáo Phong có ba luật sư bào chữa. Phiên xử dự kiến diễn ra trong một ngày với bảy người làm chứng bị triệu tập.\r\n\r\nTừ sáng sớm, an ninh tại TAND thành phố Yên Bái được thắt chặt. Hơn 50 người ngồi chật cứng trong phòng xét xử. Phóng viên tác nghiệp ở phòng riêng song chỉ có 12 chỗ nên nhiều người ngồi ngay trước phòng xử và theo dõi qua loa.\r\n\r\nTheo thông báo của thư ký phiên tòa, HĐXX triệu tập một phụ nữ tên Nhàn đến làm chứng song chị này vắng mặt. ', 0),
(1046, 'Spegesild', 12, '1046.jpg', 1007, 12, 'Sáng nay (ngày 20/4), TAND thành phố Yên Bái (tỉnh Yên Bái) mở phiên sơ thẩm xét xử Lê Duy Phong (33 tuổi, cựu trưởng ban bạn đọc báo điện tử Giáo dục Việt Nam) về hành vi cưỡng đoạt tài sản, theo điều 170 Bộ luật hình sự 2015, khung hình phạt 7-15 năm tù.\r\n\r\nBị cáo Phong có ba luật sư bào chữa. Phiên xử dự kiến diễn ra trong một ngày với bảy người làm chứng bị triệu tập.\r\n\r\nTừ sáng sớm, an ninh tại TAND thành phố Yên Bái được thắt chặt. Hơn 50 người ngồi chật cứng trong phòng xét xử. Phóng viên tác nghiệp ở phòng riêng song chỉ có 12 chỗ nên nhiều người ngồi ngay trước phòng xử và theo dõi qua loa.\r\n\r\nTheo thông báo của thư ký phiên tòa, HĐXX triệu tập một phụ nữ tên Nhàn đến làm chứng song chị này vắng mặt. ', 0),
(1047, 'Zaanse koeken', 9.5, '1047.jpg', 1002, 9, 'Sáng nay (ngày 20/4), TAND thành phố Yên Bái (tỉnh Yên Bái) mở phiên sơ thẩm xét xử Lê Duy Phong (33 tuổi, cựu trưởng ban bạn đọc báo điện tử Giáo dục Việt Nam) về hành vi cưỡng đoạt tài sản, theo điều 170 Bộ luật hình sự 2015, khung hình phạt 7-15 năm tù.\r\n\r\nBị cáo Phong có ba luật sư bào chữa. Phiên xử dự kiến diễn ra trong một ngày với bảy người làm chứng bị triệu tập.\r\n\r\nTừ sáng sớm, an ninh tại TAND thành phố Yên Bái được thắt chặt. Hơn 50 người ngồi chật cứng trong phòng xét xử. Phóng viên tác nghiệp ở phòng riêng song chỉ có 12 chỗ nên nhiều người ngồi ngay trước phòng xử và theo dõi qua loa.\r\n\r\nTheo thông báo của thư ký phiên tòa, HĐXX triệu tập một phụ nữ tên Nhàn đến làm chứng song chị này vắng mặt. ', 0),
(1048, 'Chocolade', 12.75, '1048.jpg', 1002, 13, 'Sáng nay (ngày 20/4), TAND thành phố Yên Bái (tỉnh Yên Bái) mở phiên sơ thẩm xét xử Lê Duy Phong (33 tuổi, cựu trưởng ban bạn đọc báo điện tử Giáo dục Việt Nam) về hành vi cưỡng đoạt tài sản, theo điều 170 Bộ luật hình sự 2015, khung hình phạt 7-15 năm tù.\r\n\r\nBị cáo Phong có ba luật sư bào chữa. Phiên xử dự kiến diễn ra trong một ngày với bảy người làm chứng bị triệu tập.\r\n\r\nTừ sáng sớm, an ninh tại TAND thành phố Yên Bái được thắt chặt. Hơn 50 người ngồi chật cứng trong phòng xét xử. Phóng viên tác nghiệp ở phòng riêng song chỉ có 12 chỗ nên nhiều người ngồi ngay trước phòng xử và theo dõi qua loa.\r\n\r\nTheo thông báo của thư ký phiên tòa, HĐXX triệu tập một phụ nữ tên Nhàn đến làm chứng song chị này vắng mặt. ', 0),
(1049, 'Maxilaku', 20, '1049.jpg', 1002, 21, 'Sáng nay (ngày 20/4), TAND thành phố Yên Bái (tỉnh Yên Bái) mở phiên sơ thẩm xét xử Lê Duy Phong (33 tuổi, cựu trưởng ban bạn đọc báo điện tử Giáo dục Việt Nam) về hành vi cưỡng đoạt tài sản, theo điều 170 Bộ luật hình sự 2015, khung hình phạt 7-15 năm tù.\r\n\r\nBị cáo Phong có ba luật sư bào chữa. Phiên xử dự kiến diễn ra trong một ngày với bảy người làm chứng bị triệu tập.\r\n\r\nTừ sáng sớm, an ninh tại TAND thành phố Yên Bái được thắt chặt. Hơn 50 người ngồi chật cứng trong phòng xét xử. Phóng viên tác nghiệp ở phòng riêng song chỉ có 12 chỗ nên nhiều người ngồi ngay trước phòng xử và theo dõi qua loa.\r\n\r\nTheo thông báo của thư ký phiên tòa, HĐXX triệu tập một phụ nữ tên Nhàn đến làm chứng song chị này vắng mặt. ', 0),
(1050, 'Valkoinen suklaa', 16.25, '1050.jpg', 1002, 16, 'Sáng nay (ngày 20/4), TAND thành phố Yên Bái (tỉnh Yên Bái) mở phiên sơ thẩm xét xử Lê Duy Phong (33 tuổi, cựu trưởng ban bạn đọc báo điện tử Giáo dục Việt Nam) về hành vi cưỡng đoạt tài sản, theo điều 170 Bộ luật hình sự 2015, khung hình phạt 7-15 năm tù.\r\n\r\nBị cáo Phong có ba luật sư bào chữa. Phiên xử dự kiến diễn ra trong một ngày với bảy người làm chứng bị triệu tập.\r\n\r\nTừ sáng sớm, an ninh tại TAND thành phố Yên Bái được thắt chặt. Hơn 50 người ngồi chật cứng trong phòng xét xử. Phóng viên tác nghiệp ở phòng riêng song chỉ có 12 chỗ nên nhiều người ngồi ngay trước phòng xử và theo dõi qua loa.\r\n\r\nTheo thông báo của thư ký phiên tòa, HĐXX triệu tập một phụ nữ tên Nhàn đến làm chứng song chị này vắng mặt. ', 0),
(1051, 'Manjimup Dried Apples', 53, '1051.jpg', 1006, 56, 'Sáng nay (ngày 20/4), TAND thành phố Yên Bái (tỉnh Yên Bái) mở phiên sơ thẩm xét xử Lê Duy Phong (33 tuổi, cựu trưởng ban bạn đọc báo điện tử Giáo dục Việt Nam) về hành vi cưỡng đoạt tài sản, theo điều 170 Bộ luật hình sự 2015, khung hình phạt 7-15 năm tù.\r\n\r\nBị cáo Phong có ba luật sư bào chữa. Phiên xử dự kiến diễn ra trong một ngày với bảy người làm chứng bị triệu tập.\r\n\r\nTừ sáng sớm, an ninh tại TAND thành phố Yên Bái được thắt chặt. Hơn 50 người ngồi chật cứng trong phòng xét xử. Phóng viên tác nghiệp ở phòng riêng song chỉ có 12 chỗ nên nhiều người ngồi ngay trước phòng xử và theo dõi qua loa.\r\n\r\nTheo thông báo của thư ký phiên tòa, HĐXX triệu tập một phụ nữ tên Nhàn đến làm chứng song chị này vắng mặt. ', 0),
(1052, 'Filo Mix', 7, '1052.jpg', 1004, 7, 'Sáng nay (ngày 20/4), TAND thành phố Yên Bái (tỉnh Yên Bái) mở phiên sơ thẩm xét xử Lê Duy Phong (33 tuổi, cựu trưởng ban bạn đọc báo điện tử Giáo dục Việt Nam) về hành vi cưỡng đoạt tài sản, theo điều 170 Bộ luật hình sự 2015, khung hình phạt 7-15 năm tù.\r\n\r\nBị cáo Phong có ba luật sư bào chữa. Phiên xử dự kiến diễn ra trong một ngày với bảy người làm chứng bị triệu tập.\r\n\r\nTừ sáng sớm, an ninh tại TAND thành phố Yên Bái được thắt chặt. Hơn 50 người ngồi chật cứng trong phòng xét xử. Phóng viên tác nghiệp ở phòng riêng song chỉ có 12 chỗ nên nhiều người ngồi ngay trước phòng xử và theo dõi qua loa.\r\n\r\nTheo thông báo của thư ký phiên tòa, HĐXX triệu tập một phụ nữ tên Nhàn đến làm chứng song chị này vắng mặt. ', 0),
(1053, 'Perth Pasties', 32.8, '1053.jpg', 1005, 32, 'Sáng nay (ngày 20/4), TAND thành phố Yên Bái (tỉnh Yên Bái) mở phiên sơ thẩm xét xử Lê Duy Phong (33 tuổi, cựu trưởng ban bạn đọc báo điện tử Giáo dục Việt Nam) về hành vi cưỡng đoạt tài sản, theo điều 170 Bộ luật hình sự 2015, khung hình phạt 7-15 năm tù.\r\n\r\nBị cáo Phong có ba luật sư bào chữa. Phiên xử dự kiến diễn ra trong một ngày với bảy người làm chứng bị triệu tập.\r\n\r\nTừ sáng sớm, an ninh tại TAND thành phố Yên Bái được thắt chặt. Hơn 50 người ngồi chật cứng trong phòng xét xử. Phóng viên tác nghiệp ở phòng riêng song chỉ có 12 chỗ nên nhiều người ngồi ngay trước phòng xử và theo dõi qua loa.\r\n\r\nTheo thông báo của thư ký phiên tòa, HĐXX triệu tập một phụ nữ tên Nhàn đến làm chứng song chị này vắng mặt. ', 0),
(1054, 'Tourtiare', 7.45, '1054.jpg', 1005, 7, 'Sáng nay (ngày 20/4), TAND thành phố Yên Bái (tỉnh Yên Bái) mở phiên sơ thẩm xét xử Lê Duy Phong (33 tuổi, cựu trưởng ban bạn đọc báo điện tử Giáo dục Việt Nam) về hành vi cưỡng đoạt tài sản, theo điều 170 Bộ luật hình sự 2015, khung hình phạt 7-15 năm tù.\r\n\r\nBị cáo Phong có ba luật sư bào chữa. Phiên xử dự kiến diễn ra trong một ngày với bảy người làm chứng bị triệu tập.\r\n\r\nTừ sáng sớm, an ninh tại TAND thành phố Yên Bái được thắt chặt. Hơn 50 người ngồi chật cứng trong phòng xét xử. Phóng viên tác nghiệp ở phòng riêng song chỉ có 12 chỗ nên nhiều người ngồi ngay trước phòng xử và theo dõi qua loa.\r\n\r\nTheo thông báo của thư ký phiên tòa, HĐXX triệu tập một phụ nữ tên Nhàn đến làm chứng song chị này vắng mặt. ', 0),
(1055, 'Pacta chinois', 24, '1055.jpg', 1005, 24, 'Sáng nay (ngày 20/4), TAND thành phố Yên Bái (tỉnh Yên Bái) mở phiên sơ thẩm xét xử Lê Duy Phong (33 tuổi, cựu trưởng ban bạn đọc báo điện tử Giáo dục Việt Nam) về hành vi cưỡng đoạt tài sản, theo điều 170 Bộ luật hình sự 2015, khung hình phạt 7-15 năm tù.\r\n\r\nBị cáo Phong có ba luật sư bào chữa. Phiên xử dự kiến diễn ra trong một ngày với bảy người làm chứng bị triệu tập.\r\n\r\nTừ sáng sớm, an ninh tại TAND thành phố Yên Bái được thắt chặt. Hơn 50 người ngồi chật cứng trong phòng xét xử. Phóng viên tác nghiệp ở phòng riêng song chỉ có 12 chỗ nên nhiều người ngồi ngay trước phòng xử và theo dõi qua loa.\r\n\r\nTheo thông báo của thư ký phiên tòa, HĐXX triệu tập một phụ nữ tên Nhàn đến làm chứng song chị này vắng mặt. ', 0),
(1056, 'Gnocchi di nonna Alice', 38, '1056.jpg', 1004, 38, 'Sáng nay (ngày 20/4), TAND thành phố Yên Bái (tỉnh Yên Bái) mở phiên sơ thẩm xét xử Lê Duy Phong (33 tuổi, cựu trưởng ban bạn đọc báo điện tử Giáo dục Việt Nam) về hành vi cưỡng đoạt tài sản, theo điều 170 Bộ luật hình sự 2015, khung hình phạt 7-15 năm tù.\r\n\r\nBị cáo Phong có ba luật sư bào chữa. Phiên xử dự kiến diễn ra trong một ngày với bảy người làm chứng bị triệu tập.\r\n\r\nTừ sáng sớm, an ninh tại TAND thành phố Yên Bái được thắt chặt. Hơn 50 người ngồi chật cứng trong phòng xét xử. Phóng viên tác nghiệp ở phòng riêng song chỉ có 12 chỗ nên nhiều người ngồi ngay trước phòng xử và theo dõi qua loa.\r\n\r\nTheo thông báo của thư ký phiên tòa, HĐXX triệu tập một phụ nữ tên Nhàn đến làm chứng song chị này vắng mặt. ', 0),
(1057, 'Ravioli Angelo', 19.5, '1057.jpg', 1004, 20, 'Sáng nay (ngày 20/4), TAND thành phố Yên Bái (tỉnh Yên Bái) mở phiên sơ thẩm xét xử Lê Duy Phong (33 tuổi, cựu trưởng ban bạn đọc báo điện tử Giáo dục Việt Nam) về hành vi cưỡng đoạt tài sản, theo điều 170 Bộ luật hình sự 2015, khung hình phạt 7-15 năm tù.\r\n\r\nBị cáo Phong có ba luật sư bào chữa. Phiên xử dự kiến diễn ra trong một ngày với bảy người làm chứng bị triệu tập.\r\n\r\nTừ sáng sớm, an ninh tại TAND thành phố Yên Bái được thắt chặt. Hơn 50 người ngồi chật cứng trong phòng xét xử. Phóng viên tác nghiệp ở phòng riêng song chỉ có 12 chỗ nên nhiều người ngồi ngay trước phòng xử và theo dõi qua loa.\r\n\r\nTheo thông báo của thư ký phiên tòa, HĐXX triệu tập một phụ nữ tên Nhàn đến làm chứng song chị này vắng mặt. ', 0),
(1058, 'Escargots de Bourgogne', 13.25, '1058.jpg', 1007, 13, 'Sáng nay (ngày 20/4), TAND thành phố Yên Bái (tỉnh Yên Bái) mở phiên sơ thẩm xét xử Lê Duy Phong (33 tuổi, cựu trưởng ban bạn đọc báo điện tử Giáo dục Việt Nam) về hành vi cưỡng đoạt tài sản, theo điều 170 Bộ luật hình sự 2015, khung hình phạt 7-15 năm tù.\r\n\r\nBị cáo Phong có ba luật sư bào chữa. Phiên xử dự kiến diễn ra trong một ngày với bảy người làm chứng bị triệu tập.\r\n\r\nTừ sáng sớm, an ninh tại TAND thành phố Yên Bái được thắt chặt. Hơn 50 người ngồi chật cứng trong phòng xét xử. Phóng viên tác nghiệp ở phòng riêng song chỉ có 12 chỗ nên nhiều người ngồi ngay trước phòng xử và theo dõi qua loa.\r\n\r\nTheo thông báo của thư ký phiên tòa, HĐXX triệu tập một phụ nữ tên Nhàn đến làm chứng song chị này vắng mặt. ', 0),
(1059, 'Raclette Courdavault', 55, '1059.jpg', 1003, 58, 'Sáng nay (ngày 20/4), TAND thành phố Yên Bái (tỉnh Yên Bái) mở phiên sơ thẩm xét xử Lê Duy Phong (33 tuổi, cựu trưởng ban bạn đọc báo điện tử Giáo dục Việt Nam) về hành vi cưỡng đoạt tài sản, theo điều 170 Bộ luật hình sự 2015, khung hình phạt 7-15 năm tù.\r\n\r\nBị cáo Phong có ba luật sư bào chữa. Phiên xử dự kiến diễn ra trong một ngày với bảy người làm chứng bị triệu tập.\r\n\r\nTừ sáng sớm, an ninh tại TAND thành phố Yên Bái được thắt chặt. Hơn 50 người ngồi chật cứng trong phòng xét xử. Phóng viên tác nghiệp ở phòng riêng song chỉ có 12 chỗ nên nhiều người ngồi ngay trước phòng xử và theo dõi qua loa.\r\n\r\nTheo thông báo của thư ký phiên tòa, HĐXX triệu tập một phụ nữ tên Nhàn đến làm chứng song chị này vắng mặt. ', 0),
(1060, 'Camembert Pierrot', 34, '1060.jpg', 1003, 34, 'Sáng nay (ngày 20/4), TAND thành phố Yên Bái (tỉnh Yên Bái) mở phiên sơ thẩm xét xử Lê Duy Phong (33 tuổi, cựu trưởng ban bạn đọc báo điện tử Giáo dục Việt Nam) về hành vi cưỡng đoạt tài sản, theo điều 170 Bộ luật hình sự 2015, khung hình phạt 7-15 năm tù.\r\n\r\nBị cáo Phong có ba luật sư bào chữa. Phiên xử dự kiến diễn ra trong một ngày với bảy người làm chứng bị triệu tập.\r\n\r\nTừ sáng sớm, an ninh tại TAND thành phố Yên Bái được thắt chặt. Hơn 50 người ngồi chật cứng trong phòng xét xử. Phóng viên tác nghiệp ở phòng riêng song chỉ có 12 chỗ nên nhiều người ngồi ngay trước phòng xử và theo dõi qua loa.\r\n\r\nTheo thông báo của thư ký phiên tòa, HĐXX triệu tập một phụ nữ tên Nhàn đến làm chứng song chị này vắng mặt. ', 0),
(1061, 'Sirop d\'aOrable', 28.5, '1061.jpg', 1001, 28, 'Sáng nay (ngày 20/4), TAND thành phố Yên Bái (tỉnh Yên Bái) mở phiên sơ thẩm xét xử Lê Duy Phong (33 tuổi, cựu trưởng ban bạn đọc báo điện tử Giáo dục Việt Nam) về hành vi cưỡng đoạt tài sản, theo điều 170 Bộ luật hình sự 2015, khung hình phạt 7-15 năm tù.\r\n\r\nBị cáo Phong có ba luật sư bào chữa. Phiên xử dự kiến diễn ra trong một ngày với bảy người làm chứng bị triệu tập.\r\n\r\nTừ sáng sớm, an ninh tại TAND thành phố Yên Bái được thắt chặt. Hơn 50 người ngồi chật cứng trong phòng xét xử. Phóng viên tác nghiệp ở phòng riêng song chỉ có 12 chỗ nên nhiều người ngồi ngay trước phòng xử và theo dõi qua loa.\r\n\r\nTheo thông báo của thư ký phiên tòa, HĐXX triệu tập một phụ nữ tên Nhàn đến làm chứng song chị này vắng mặt. ', 0),
(1062, 'Tarte au sucre', 49.3, '1062.jpg', 1002, 53, 'Sáng nay (ngày 20/4), TAND thành phố Yên Bái (tỉnh Yên Bái) mở phiên sơ thẩm xét xử Lê Duy Phong (33 tuổi, cựu trưởng ban bạn đọc báo điện tử Giáo dục Việt Nam) về hành vi cưỡng đoạt tài sản, theo điều 170 Bộ luật hình sự 2015, khung hình phạt 7-15 năm tù.\r\n\r\nBị cáo Phong có ba luật sư bào chữa. Phiên xử dự kiến diễn ra trong một ngày với bảy người làm chứng bị triệu tập.\r\n\r\nTừ sáng sớm, an ninh tại TAND thành phố Yên Bái được thắt chặt. Hơn 50 người ngồi chật cứng trong phòng xét xử. Phóng viên tác nghiệp ở phòng riêng song chỉ có 12 chỗ nên nhiều người ngồi ngay trước phòng xử và theo dõi qua loa.\r\n\r\nTheo thông báo của thư ký phiên tòa, HĐXX triệu tập một phụ nữ tên Nhàn đến làm chứng song chị này vắng mặt. ', 0),
(1063, 'Vegie-spread', 43.9, '1063.jpg', 1001, 44, 'Sáng nay (ngày 20/4), TAND thành phố Yên Bái (tỉnh Yên Bái) mở phiên sơ thẩm xét xử Lê Duy Phong (33 tuổi, cựu trưởng ban bạn đọc báo điện tử Giáo dục Việt Nam) về hành vi cưỡng đoạt tài sản, theo điều 170 Bộ luật hình sự 2015, khung hình phạt 7-15 năm tù.\r\n\r\nBị cáo Phong có ba luật sư bào chữa. Phiên xử dự kiến diễn ra trong một ngày với bảy người làm chứng bị triệu tập.\r\n\r\nTừ sáng sớm, an ninh tại TAND thành phố Yên Bái được thắt chặt. Hơn 50 người ngồi chật cứng trong phòng xét xử. Phóng viên tác nghiệp ở phòng riêng song chỉ có 12 chỗ nên nhiều người ngồi ngay trước phòng xử và theo dõi qua loa.\r\n\r\nTheo thông báo của thư ký phiên tòa, HĐXX triệu tập một phụ nữ tên Nhàn đến làm chứng song chị này vắng mặt. ', 0),
(1064, 'Wimmers gute Semmelknadel', 33.25, '1064.jpg', 1004, 33, 'Sáng nay (ngày 20/4), TAND thành phố Yên Bái (tỉnh Yên Bái) mở phiên sơ thẩm xét xử Lê Duy Phong (33 tuổi, cựu trưởng ban bạn đọc báo điện tử Giáo dục Việt Nam) về hành vi cưỡng đoạt tài sản, theo điều 170 Bộ luật hình sự 2015, khung hình phạt 7-15 năm tù.\r\n\r\nBị cáo Phong có ba luật sư bào chữa. Phiên xử dự kiến diễn ra trong một ngày với bảy người làm chứng bị triệu tập.\r\n\r\nTừ sáng sớm, an ninh tại TAND thành phố Yên Bái được thắt chặt. Hơn 50 người ngồi chật cứng trong phòng xét xử. Phóng viên tác nghiệp ở phòng riêng song chỉ có 12 chỗ nên nhiều người ngồi ngay trước phòng xử và theo dõi qua loa.\r\n\r\nTheo thông báo của thư ký phiên tòa, HĐXX triệu tập một phụ nữ tên Nhàn đến làm chứng song chị này vắng mặt. ', 0),
(1065, 'Louisiana Fiery Hot Pepper Sauce', 21.05, '1065.jpg', 1001, 21, 'Sáng nay (ngày 20/4), TAND thành phố Yên Bái (tỉnh Yên Bái) mở phiên sơ thẩm xét xử Lê Duy Phong (33 tuổi, cựu trưởng ban bạn đọc báo điện tử Giáo dục Việt Nam) về hành vi cưỡng đoạt tài sản, theo điều 170 Bộ luật hình sự 2015, khung hình phạt 7-15 năm tù.\r\n\r\nBị cáo Phong có ba luật sư bào chữa. Phiên xử dự kiến diễn ra trong một ngày với bảy người làm chứng bị triệu tập.\r\n\r\nTừ sáng sớm, an ninh tại TAND thành phố Yên Bái được thắt chặt. Hơn 50 người ngồi chật cứng trong phòng xét xử. Phóng viên tác nghiệp ở phòng riêng song chỉ có 12 chỗ nên nhiều người ngồi ngay trước phòng xử và theo dõi qua loa.\r\n\r\nTheo thông báo của thư ký phiên tòa, HĐXX triệu tập một phụ nữ tên Nhàn đến làm chứng song chị này vắng mặt. ', 0),
(1066, 'Louisiana Hot Spiced Okra', 17, '1066.jpg', 1001, 19, 'Sáng nay (ngày 20/4), TAND thành phố Yên Bái (tỉnh Yên Bái) mở phiên sơ thẩm xét xử Lê Duy Phong (33 tuổi, cựu trưởng ban bạn đọc báo điện tử Giáo dục Việt Nam) về hành vi cưỡng đoạt tài sản, theo điều 170 Bộ luật hình sự 2015, khung hình phạt 7-15 năm tù.\r\n\r\nBị cáo Phong có ba luật sư bào chữa. Phiên xử dự kiến diễn ra trong một ngày với bảy người làm chứng bị triệu tập.\r\n\r\nTừ sáng sớm, an ninh tại TAND thành phố Yên Bái được thắt chặt. Hơn 50 người ngồi chật cứng trong phòng xét xử. Phóng viên tác nghiệp ở phòng riêng song chỉ có 12 chỗ nên nhiều người ngồi ngay trước phòng xử và theo dõi qua loa.\r\n\r\nTheo thông báo của thư ký phiên tòa, HĐXX triệu tập một phụ nữ tên Nhàn đến làm chứng song chị này vắng mặt. ', 0),
(1068, 'Scottish Longbreads', 12.5, '1068.jpg', 1002, 13, 'Sáng nay (ngày 20/4), TAND thành phố Yên Bái (tỉnh Yên Bái) mở phiên sơ thẩm xét xử Lê Duy Phong (33 tuổi, cựu trưởng ban bạn đọc báo điện tử Giáo dục Việt Nam) về hành vi cưỡng đoạt tài sản, theo điều 170 Bộ luật hình sự 2015, khung hình phạt 7-15 năm tù.\r\n\r\nBị cáo Phong có ba luật sư bào chữa. Phiên xử dự kiến diễn ra trong một ngày với bảy người làm chứng bị triệu tập.\r\n\r\nTừ sáng sớm, an ninh tại TAND thành phố Yên Bái được thắt chặt. Hơn 50 người ngồi chật cứng trong phòng xét xử. Phóng viên tác nghiệp ở phòng riêng song chỉ có 12 chỗ nên nhiều người ngồi ngay trước phòng xử và theo dõi qua loa.\r\n\r\nTheo thông báo của thư ký phiên tòa, HĐXX triệu tập một phụ nữ tên Nhàn đến làm chứng song chị này vắng mặt. ', 0),
(1069, 'Gudbrandsdalsost', 36, '1069.jpg', 1003, 36, 'Sáng nay (ngày 20/4), TAND thành phố Yên Bái (tỉnh Yên Bái) mở phiên sơ thẩm xét xử Lê Duy Phong (33 tuổi, cựu trưởng ban bạn đọc báo điện tử Giáo dục Việt Nam) về hành vi cưỡng đoạt tài sản, theo điều 170 Bộ luật hình sự 2015, khung hình phạt 7-15 năm tù.\r\n\r\nBị cáo Phong có ba luật sư bào chữa. Phiên xử dự kiến diễn ra trong một ngày với bảy người làm chứng bị triệu tập.\r\n\r\nTừ sáng sớm, an ninh tại TAND thành phố Yên Bái được thắt chặt. Hơn 50 người ngồi chật cứng trong phòng xét xử. Phóng viên tác nghiệp ở phòng riêng song chỉ có 12 chỗ nên nhiều người ngồi ngay trước phòng xử và theo dõi qua loa.\r\n\r\nTheo thông báo của thư ký phiên tòa, HĐXX triệu tập một phụ nữ tên Nhàn đến làm chứng song chị này vắng mặt. ', 0),
(1071, 'Flotemysost', 21.5, '1071.jpg', 1003, 21, 'Sáng nay (ngày 20/4), TAND thành phố Yên Bái (tỉnh Yên Bái) mở phiên sơ thẩm xét xử Lê Duy Phong (33 tuổi, cựu trưởng ban bạn đọc báo điện tử Giáo dục Việt Nam) về hành vi cưỡng đoạt tài sản, theo điều 170 Bộ luật hình sự 2015, khung hình phạt 7-15 năm tù.\r\n\r\nBị cáo Phong có ba luật sư bào chữa. Phiên xử dự kiến diễn ra trong một ngày với bảy người làm chứng bị triệu tập.\r\n\r\nTừ sáng sớm, an ninh tại TAND thành phố Yên Bái được thắt chặt. Hơn 50 người ngồi chật cứng trong phòng xét xử. Phóng viên tác nghiệp ở phòng riêng song chỉ có 12 chỗ nên nhiều người ngồi ngay trước phòng xử và theo dõi qua loa.\r\n\r\nTheo thông báo của thư ký phiên tòa, HĐXX triệu tập một phụ nữ tên Nhàn đến làm chứng song chị này vắng mặt. ', 0),
(1072, 'Mozzarella di Giovanni', 34.8, '1072.jpg', 1003, 34, 'Sáng nay (ngày 20/4), TAND thành phố Yên Bái (tỉnh Yên Bái) mở phiên sơ thẩm xét xử Lê Duy Phong (33 tuổi, cựu trưởng ban bạn đọc báo điện tử Giáo dục Việt Nam) về hành vi cưỡng đoạt tài sản, theo điều 170 Bộ luật hình sự 2015, khung hình phạt 7-15 năm tù.\r\n\r\nBị cáo Phong có ba luật sư bào chữa. Phiên xử dự kiến diễn ra trong một ngày với bảy người làm chứng bị triệu tập.\r\n\r\nTừ sáng sớm, an ninh tại TAND thành phố Yên Bái được thắt chặt. Hơn 50 người ngồi chật cứng trong phòng xét xử. Phóng viên tác nghiệp ở phòng riêng song chỉ có 12 chỗ nên nhiều người ngồi ngay trước phòng xử và theo dõi qua loa.\r\n\r\nTheo thông báo của thư ký phiên tòa, HĐXX triệu tập một phụ nữ tên Nhàn đến làm chứng song chị này vắng mặt. ', 0),
(1073, 'Rad Kaviar', 15, '1073.jpg', 1007, 15, 'Sáng nay (ngày 20/4), TAND thành phố Yên Bái (tỉnh Yên Bái) mở phiên sơ thẩm xét xử Lê Duy Phong (33 tuổi, cựu trưởng ban bạn đọc báo điện tử Giáo dục Việt Nam) về hành vi cưỡng đoạt tài sản, theo điều 170 Bộ luật hình sự 2015, khung hình phạt 7-15 năm tù.\r\n\r\nBị cáo Phong có ba luật sư bào chữa. Phiên xử dự kiến diễn ra trong một ngày với bảy người làm chứng bị triệu tập.\r\n\r\nTừ sáng sớm, an ninh tại TAND thành phố Yên Bái được thắt chặt. Hơn 50 người ngồi chật cứng trong phòng xét xử. Phóng viên tác nghiệp ở phòng riêng song chỉ có 12 chỗ nên nhiều người ngồi ngay trước phòng xử và theo dõi qua loa.\r\n\r\nTheo thông báo của thư ký phiên tòa, HĐXX triệu tập một phụ nữ tên Nhàn đến làm chứng song chị này vắng mặt. ', 0);
INSERT INTO `sanpham` (`id`, `name`, `price`, `img`, `iddm`, `luotxem`, `mota`, `trangthai`) VALUES
(1074, 'Longlife Tofu', 10, '1074.jpg', 1006, 11, 'Sáng nay (ngày 20/4), TAND thành phố Yên Bái (tỉnh Yên Bái) mở phiên sơ thẩm xét xử Lê Duy Phong (33 tuổi, cựu trưởng ban bạn đọc báo điện tử Giáo dục Việt Nam) về hành vi cưỡng đoạt tài sản, theo điều 170 Bộ luật hình sự 2015, khung hình phạt 7-15 năm tù.\r\n\r\nBị cáo Phong có ba luật sư bào chữa. Phiên xử dự kiến diễn ra trong một ngày với bảy người làm chứng bị triệu tập.\r\n\r\nTừ sáng sớm, an ninh tại TAND thành phố Yên Bái được thắt chặt. Hơn 50 người ngồi chật cứng trong phòng xét xử. Phóng viên tác nghiệp ở phòng riêng song chỉ có 12 chỗ nên nhiều người ngồi ngay trước phòng xử và theo dõi qua loa.\r\n\r\nTheo thông báo của thư ký phiên tòa, HĐXX triệu tập một phụ nữ tên Nhàn đến làm chứng song chị này vắng mặt. ', 0),
(1087, 'iPhone 12 256GB PRODUCT RED', 899, 'image-removebg-preview-16.png', 1003, 0, '<p>Nhắc tới Apple, người d&ugrave;ng sẽ lu&ocirc;n nghĩ tới những thiết bị iPhone đẳng cấp, mang tr&ecirc;n m&igrave;nh một thiết kế v&ocirc; c&ugrave;ng sang trọng, hiện đại v&agrave; thời thượng. V&agrave; iPhone 12 Series của năm nay cũng kh&ocirc;ng phải l&agrave; một ngoại lệ. Mẫu iPhone 12 64GB sở hữu một thiết kế đ&atilde; được &ldquo;lột x&aacute;c&rdquo; ho&agrave;n to&agrave;n so với c&aacute;c thế hệ tiền nhiệm trước đ&acirc;y với cạnh được v&aacute;t phẳng, vu&ocirc;ng th&agrave;nh sắc cạnh, mang tới một cảm gi&aacute;c cực k&igrave; bền bỉ v&agrave; chắc chắn. Thiết kế n&agrave;y khiến cho người d&ugrave;ng c&oacute; thể dễ d&agrave;ng li&ecirc;n tưởng tới những mẫu iPhone huyền thoại trước đ&acirc;y đ&atilde; l&agrave;m n&ecirc;n t&ecirc;n tuổi của Apple như iPhone 4 hoặc iPhone 5.</p>\r\n', 0),
(1090, 'Iphone 14 Pro', 1000, 'image-removebg-preview-18.png', 1003, 0, '<p>Th&ocirc;ng tin về Iphone 14 pro ...</p>\r\n', 0),
(1091, 'Máy tính Vietus', 699, 'hp-victus-16-e0175ax-4.png', 1001, 0, '<p><strong><img alt=\"\" src=\"http://localhost/tutor_web2041/buoi3/public/images/images/-1398-1663201051.png\" style=\"width:100%\" />M&aacute;y t&iacute;nh của việt nam</strong></p>\r\n\r\n<p><img alt=\"\" src=\"blob:http://localhost/59c0a81a-cb8d-4859-a948-e7065ebc6715\" style=\"width:886px\" /><img alt=\"\" src=\"http://localhost/tutor_web2041/buoi3/ckfinder/userfiles/images/-7176-1663167964(1).jpg\" style=\"width:100%\" /></p>\r\n\r\n<p>M&aacute;y t&iacute;nh của việt nam</p>\r\n', 0);

-- --------------------------------------------------------

--
-- Table structure for table `taikhoan`
--

CREATE TABLE `taikhoan` (
  `id` int(11) NOT NULL,
  `user` varchar(20) COLLATE utf8_bin NOT NULL,
  `pass` varchar(50) COLLATE utf8_bin NOT NULL,
  `email` varchar(50) COLLATE utf8_bin NOT NULL,
  `address` varchar(255) COLLATE utf8_bin DEFAULT NULL,
  `tel` varchar(20) COLLATE utf8_bin DEFAULT NULL,
  `role` tinyint(1) NOT NULL DEFAULT 0
) ENGINE=InnoDB DEFAULT CHARSET=utf8 COLLATE=utf8_bin;

--
-- Dumping data for table `taikhoan`
--

INSERT INTO `taikhoan` (`id`, `user`, `pass`, `email`, `address`, `tel`, `role`) VALUES
(1, 'admin', '123123', 'admin@gmail.com', NULL, NULL, 1),
(2, 'nopt', '123456', 'nopt@gmail.com', NULL, NULL, 0),
(3, 'quan', '123', 'quang@gamail.com', NULL, NULL, 0),
(4, 'sondt', 'iloveyou', 'sondt@gmail.com', NULL, NULL, 0),
(5, 'teonv', 'iloveyou', 'teonv@gmail.com', NULL, NULL, 0);

--
-- Indexes for dumped tables
--

--
-- Indexes for table `binhluan`
--
ALTER TABLE `binhluan`
  ADD PRIMARY KEY (`id`),
  ADD KEY `FK_KhachHang_BinhLuan` (`iduser`),
  ADD KEY `FK_HangHoa_BinhLuan` (`idpro`);

--
-- Indexes for table `danhmuc`
--
ALTER TABLE `danhmuc`
  ADD PRIMARY KEY (`id`);

--
-- Indexes for table `sanpham`
--
ALTER TABLE `sanpham`
  ADD PRIMARY KEY (`id`),
  ADD KEY `FK_Loai_HangHoa` (`iddm`);

--
-- Indexes for table `taikhoan`
--
ALTER TABLE `taikhoan`
  ADD PRIMARY KEY (`id`);

--
-- AUTO_INCREMENT for dumped tables
--

--
-- AUTO_INCREMENT for table `binhluan`
--
ALTER TABLE `binhluan`
  MODIFY `id` int(11) NOT NULL AUTO_INCREMENT, AUTO_INCREMENT=36;

--
-- AUTO_INCREMENT for table `danhmuc`
--
ALTER TABLE `danhmuc`
  MODIFY `id` int(11) NOT NULL AUTO_INCREMENT, AUTO_INCREMENT=1022;

--
-- AUTO_INCREMENT for table `sanpham`
--
ALTER TABLE `sanpham`
  MODIFY `id` int(11) NOT NULL AUTO_INCREMENT, AUTO_INCREMENT=1096;

--
-- AUTO_INCREMENT for table `taikhoan`
--
ALTER TABLE `taikhoan`
  MODIFY `id` int(11) NOT NULL AUTO_INCREMENT, AUTO_INCREMENT=6;

--
-- Constraints for dumped tables
--

--
-- Constraints for table `sanpham`
--
ALTER TABLE `sanpham`
  ADD CONSTRAINT `FK_danhmuc_sanpham` FOREIGN KEY (`iddm`) REFERENCES `danhmuc` (`id`) ON DELETE CASCADE;
COMMIT;

/*!40101 SET CHARACTER_SET_CLIENT=@OLD_CHARACTER_SET_CLIENT */;
/*!40101 SET CHARACTER_SET_RESULTS=@OLD_CHARACTER_SET_RESULTS */;
/*!40101 SET COLLATION_CONNECTION=@OLD_COLLATION_CONNECTION */;
